1602020280000 ms,@davewalker try typing in &quot;church of england&quot; and it responds &quot;4077 people&quot; which seems a bit high,1,1
1601957280000 ms,@bookwoman60 It is  Love it! Thank you &amp; sending warm wishes to you.,1,1
1601943360000 ms,@davcar11 yay. I've no excuses today!,1,1
1602011400000 ms,@davemn really? I already have 1-20.  are you at scottys again tonight?,0,0
1601993160000 ms,"\@davecandoit...but...but...I want to be happy""",1,0
1601986440000 ms,"\@bradiewebbstack sway sway bradie""",1,1
1601976120000 ms,@boycottlovee Haha. Everyone makes fun of me for my tiny jeans.  its not good when you wear 00 short super skinny jeans. Lol,1,0
1602007200000 ms,@davejmatthews YES!!! you are talking shit again!  HI DAVE!,1,0
1602007320000 ms,@daverandaII If you see him tell him I say hi,1,1
1601990520000 ms,@bradwellman I've never had it so I can't be much help there,0,0
1601946120000 ms,@bondibeachgirl great! just enjoying my coffee while the boys are out at footy training,1,1
1601989080000 ms,@BradOrlich Thanks for following me,1,1
1601999160000 ms,"\@DaveJMatthews Egominaical humans are destroying our Grace""",1,0
1601943240000 ms,@Davaps Ohhh another wedding I'm missing  Oh and apparently I only get paid on 17th June so you'll need to send me a survival kit!,0,0
1602002400000 ms,@davegray hehe! thanx for the retweets.,1,1
1601952120000 ms,"\@boobookittifukk we have those too""",1,1
1601942760000 ms,@DaTruTopShotta year one. how come your night isnt right?,1,0
1601968560000 ms,"\@BostonTweet Had a great time at Boloco""",1,1
1601979840000 ms,@BpTheProducer without me,0,0
1601969040000 ms,@botdfmusic,1,1
1601948640000 ms,"\@bonitaaich lolll. my macs gona die soon""",1,1
1601965200000 ms,"\@BorrisTheBooger  Heyy""",1,1
1601945280000 ms,@bomshel have a safe trip...Diane,1,1
1601958720000 ms,@BoomKatt yeah ill help wow ur coming then going  when will you be leaving for good?,1,0
1602021720000 ms,@David_N_Wilson Yay!!,1,1
1601973000000 ms,@bowwow614 Hey! Is it going to be viewable in the UK this time?  It broke my heart when I couldn't play the last one  haha.,0,0
1601968800000 ms,@boswick82 Shits messing up my drive to happy hour,1,0
1601951040000 ms,@BonnieShae we love you! don't haz sad,0,0
1602019920000 ms,@davetran :O   where did he get his drivers licence? happy meal? hahaha,1,1
1602018240000 ms,@David_Henrie Poor you.,1,0
1601984040000 ms,@bradiewebbstack AHAHAHAHAHAHAHAHAHA bradie you are so cool  talking to your socks!! ily x how are you aye?? x,1,1
1601939160000 ms,@DateBrooklyn What were you referring to? LOL...this is the bad part about Twitter.,1,1
1601954880000 ms,"\@BookishRuth sorry to hear you have shingles.  Haven't had it""",0,0
1601962320000 ms,@bopeepsheep nah I love the original in vegas but miss grissum and sarah sidal,0,0
1602007800000 ms,@daverosin that's horrible!  are you guys still playing today?,1,0
1601954520000 ms,@BookingIt They are all very entertaining too.,1,1
1601974200000 ms,@bowwow614 You Did Good  Lets Hope They Let You Go  xx,1,1
1601961120000 ms,"\@bootnumlock  Fix is on the blog""",1,1
1601970360000 ms,@boulders how rude! i have your carc btw,1,0
1601938560000 ms,@DatBombChic hi  you do look bomb!,1,1
1602008880000 ms,@DaveSormillon I missed it man I got to the area to late,0,0
1602016440000 ms,"\@david_bosman oh que oui""",1,1
1602017040000 ms,@david_gough 1:16pm here,1,1
1601946840000 ms,@BonelessThurs Haha I also went 1/5 only got the Diaz fight right  #Strikeforce,1,1
1601998320000 ms,@brampitoyo - ZOMFG. @portlandpolice certainly must have a better use of taxpayer $ than incarcerating a #typenerd.?!?,1,1
1602018000000 ms,@David_Henrie i wish you would reply  i think you are amazing. i know you won't reply though. i can only hope you do. God Bless xo,0,0
1602003360000 ms,@DaveMora Thanks. Don't know if there's a Jamba Juice in Maywood; may have to hit up the fruta man,1,1
1601996760000 ms,"\@brainmusic Always laughing""",1,1
1601939520000 ms,@DaThirdEye @DaThirdEye,1,1
1601985360000 ms,@bradiewebbstack hope you reply to my myspace comment. my name display name is daisy if your wondering haha,1,1
1601982720000 ms,@bradhassett Welcome to London! Enjoy the weather while it lasts.,1,1
1601974080000 ms,@bowwow614 yayyy u comin to toronto!!!!!!!!! but not goin to concert  .. dont noe how to get to the place ur goin to (((,0,0
1601942160000 ms,@Bolthousevanna ciao vanna!!!!  &quot;happy echelon day&quot;,1,1
1602020040000 ms,"\@davetran http://twitpic.com/6iu2a - Haha""",1,1
1601956320000 ms,@Bookstorebabe21 oh noes  I love you babe has fun at works tonight!,1,1
1601953200000 ms,"\@BoogieDownTwitt got an iPhone""",0,1
1602011760000 ms,@davemorin Good to know you are going--I will definitely try to make it out there now,1,1
1602012600000 ms,"\@davewiner Yes""",1,1
1601992200000 ms,"\@daveaisling Nooooo""",1,0
1602022440000 ms,@davidaldrich_wx Did you see the color of the sky and how it looks in Philly??  It is yellowish/orangeish/brownish looks scary!!  lol,1,0
1601993040000 ms,"\@davebriggs  looks like i'll be meeting you all only tomorrow as altho' family are trying to get me out the door""",0,0
1601974320000 ms,@bowwow614....ur making me SADDD  cuz ur down now im down too,0,0
1602022320000 ms,@DavidAFanBlast wtf?!!...that was not a freaking good tweet there...hmmph...thanks for the info,1,0
1601949360000 ms,@bonnaroonews Workers find body at #bonnaroo site during cleanup ^LS http://bit.ly/1aA3Ri &lt;-- sad ending to a good weekend,0,0
1601936280000 ms,@dashift my picture wont load on the b-sides page,1,0
1602000240000 ms,"\@davem05 even with full blown piglet flu i'd hazard a guess that i've more colour than stuey right now  and trust me""",0,0
1601976960000 ms,@Boyislost I'm good  Already been shopping. Trying to fix my mom's computer now...argh. How are u?,1,1
1601939880000 ms,@datkidpatrick lol I don't kno bout anything so I'm stuck here   I'm bout to jus buy drinks and get talkative,0,1
1601963640000 ms,@borgintraining I saw it and I liked it  Not bad :],0,1
1601985240000 ms,@bradiewebbstack hahaha my uncle does that coz my aunty is a whore who left her kids,1,0
1602008160000 ms,"\@daveseah Stop fussing""",1,0
1601951640000 ms,@Bonzi77 My brain is~,1,0
1601987520000 ms,@bradjward We looked for Twitter commentary while we were live-tweeting graduation at @ithacacollege and interacted with the chatterers.,1,1
1601944440000 ms,@Dave_MB Lucky! I want to go to Buddy's.  I want crazy garlicky salad in a wooden mesh bowl while sitting at an off level table.,0,0
1602001320000 ms,@davedebisschop  I think it is too.    Have a wonderful day!,0,1
1601950680000 ms,@BonnieJene Hope they find them soon.,0,1
1601980200000 ms,@br00klynbetty its your friends peoples fault,1,0
1601960520000 ms,@BOOSTA no prob I'm so glad you guys had a great time,1,1
1601984760000 ms,@bradiewebbstack Bradiee  may I ask why your picture is a cat?? haha ily xx,1,1
1601938920000 ms,"\@datdudepooch O so ya'll are really gonna be at Area.......didnt think so at first""",0,0
1602007440000 ms,@daveredford I've been researching green bridesmaids dresses for the @modernlovewedding ... those were too &quot;bridesmaidy&quot; for @hollihigh,1,1
1601946960000 ms,"\@Bonelle Yeah fingers crossed.....I think I should sleep though""",1,1
1602007680000 ms,"\@daverosin Awww""",0,1
1601963400000 ms,"\@boredgirl260 LOL If it works""",1,1
1601971800000 ms,@Bowl_the_Bunny It does. I don't even get excited when she's on anymore. It just upsets me. I was a HUGE fan. I miss the old Sarah.,0,0
1601942040000 ms,@BoltClock i wouldnt bother about it.,1,1
1602012120000 ms,@davewalker I havent - not remotely unless the negative achievement of recluttering counts. Not sure week off worth it,0,0
1602019320000 ms,@davestyles Aww! I'm sorry to hear that  Drink some medication. Hope you get well soon,0,0
1601967840000 ms,"\@BostonDave as long as there is good marketing (good looking videos)""",1,1
1601964120000 ms,@borisbozic Does look pretty good... will have to have a coffee off with mine,1,1
1601953800000 ms,@bookcampto it crashed my iPhone,0,0
1601958240000 ms,"\@BoomerangPR Why am I not surprised it's raining  About to enjoy my first cup of coffee *happy face*""",0,1
1601980800000 ms,"\@br3nda Yes""",1,1
1601947680000 ms,@BonesFan021 Your daughter's cute.  Hopefully Twitter will behave in a few hours..,1,1
1601942640000 ms,"\@DatNiccaScooter LOL yeah I know it""",1,1
1602006360000 ms,@DaveJMatthews dave get off ur famous butt and start tweeting us again! smile,1,1
1601994120000 ms,"\@davecurrie LOL!! My son would love that""",1,1
1601954400000 ms,@bookieboo That's awesome!  Congratulations.  I lost 65 lbs. on WW.....I need to get back to it though.....I've gained 5 lbs.,0,1
1602000960000 ms,@davedays Have funn!,1,1
1601963880000 ms,"\@BoringPostcards nope he doesn't seem to be there today""",1,0
1601983920000 ms,"\@bradiewebbstack @andyclemmensen  soooo not fair""",0,0
1602009360000 ms,"\@DaveTaylor Hey""",1,1
1601981400000 ms,@bradausrotas Lmfaooo okay! Enjoy  I'll be there in a couple of hours.,1,1
1601941800000 ms,@bolly47 I WANT TO SEE STAR TREK AGAIN TOO,0,0
1601992080000 ms,@BrainiacSociety have fun at the viper room tomorrow night  i know the fam out there will be in attendance to support all of yall,0,1
1601989440000 ms,@Bradqb13 I know the feeling man. Just lay low for a while. Some people are just like that ...,1,0
1601978640000 ms,@BozzJulian Gl�ckskind!,1,1
1601967720000 ms,@BostonBookGirl let the fighting ensue then! Hehe,1,1
1601954760000 ms,@bookishnerd  hee hee - you can have some caffeine too,1,1
1601983080000 ms,@bradhfh you guys were amazing,1,1
1601978520000 ms,@boywonder101 Im up and about! Had a very nice slumber. Now theres a bottle of Johnnie Walker here....hmmmmmmm,1,1
1601950080000 ms,@BonnieBrown fantastic use of the location feature,1,1
1601975040000 ms,@BoxWhatBox Good decision!,1,1
1602009960000 ms,@DaveLee73 thanks! I'll look for it. @Wholefoods just raised the prices on all coco waters.,1,1
1602009600000 ms,@davetherave__ hey what's up?  x,1,1
1602009240000 ms,@davesusetty That's pretty shit,1,0
1601989680000 ms,@bradruggles thx for punting us to clients. we really love the modification work you've done on our themes!,1,1
1602004800000 ms,@davepumfrey Dave your blog (profile link) is giving an error message,1,0
1601949960000 ms,"\@bonnieblob http://twitpic.com/7kyxk - I'm sorry but I still don't like that restaurant""",0,0
1602000720000 ms,@DaveMckean http://twitpic.com/6qffi - This whole project is looking amazing. I can't wait,0,1
1602018360000 ms,@David_Henrie the pens are pissing me off,1,0
1602005040000 ms,@Daveracingkites haha your one of those people who forces me to put twitter on silent at night..but its ok&lt;3,1,1
1601958360000 ms,"\@boomerjack Thank you""",1,1
1601995440000 ms,@davegray Follow the tech blogger boyz... it's definitely out there.,1,1
1602014760000 ms,@davenemaia Yup! GO the Underdogs! ...Everyone has counted Howard &amp; his crew out! but they ain't goin down without a fight! Hehehe,1,1
1601997600000 ms,@brainvat efficient driving is frowned upon in the village.,0,0
1601979600000 ms,@BPOSNEY Ohh shit!! well i didnt know you would like to go out there!! stop being a punk to me!!,1,0
1601969760000 ms,@boudga LOL oh I know.  I'd rather have the chemicals than the bugs,1,1
1602015840000 ms,@daveriley - that must be exciting!,1,1
1602000600000 ms,"\@davematson Hey""",1,1
1601945400000 ms,"\@Bonang @ThulaneH B""",1,1
1601957040000 ms,"\@bookwhore LOL""",1,1
1601986800000 ms,"\@bradiewebbstack vegetables braide""",1,1
1601961360000 ms,"\@bootooyoo LOL Don't get me started on waveforms and arpeggiators then""",0,0
1601998680000 ms,@bramstadhouders It's easier to feel connected through mutual pain. It's closer to the general level of consciousness of most people..,0,0
1602008280000 ms,@daveserjeant Checked...not there...,1,1
1601972520000 ms,@bowwow614 aha wow bow ur cool,1,1
1601954040000 ms,@bookdepository just sent mine..really want that notebook,1,1
1601958000000 ms,@boomboxhearts  they're not in my phone which means my phone tarded out on me. it does this lots lately. no buttons work. waa. when home ?,0,0
1601989920000 ms,"\@BradSabbath oh well""",1,1
1601962560000 ms,@Bopsicle  YAY!!...........but I'm mad at you,0,1
1601970120000 ms,"\@bougiebitch oi bougie""",1,1
1602007920000 ms,@daverosstomlin watch the profanity finchy.,1,1
1601961600000 ms,@BootsRiley CD was easy.  Can't find the vinyl though.,0,1
1601943000000 ms,@dauble haha i just did it and he laughed,1,1
1602019200000 ms,@DaveSpectraSoul just for the night..james is playin somewhere...msg me your number,1,1
1602004440000 ms,"\@davepdotorg Can't blame you""",1,1
1601977920000 ms,@boysforpele32 lol yes anything to help out Rob!!!,1,1
1601960640000 ms,@BootaCorleone someone who love off food  this is MY world!,1,1
1601986320000 ms,@bradiewebbstack please stop picking on me Bradie your realy starting to hurt my feelings,0,0
1601967600000 ms,@BostonBookGirl don't be so sure about that!  The Yanks are kings of the comeback!,1,1
1601940120000 ms,@bohica2k Something told me you had a migraine this weekend. Glad it has finally gone bye-bye.,1,1
1602010080000 ms,"\@DaveLindquist casting director called me today""",0,1
1602008040000 ms,@DaveSchwab You mean you don't have tshirts that go past your knees?,1,1
1601950320000 ms,@BonnieBunter thanks for the mention  #FollowFriday,1,1
1601944320000 ms,@dave_holt ha ha! I guess it's open for interpretation.....,1,1
1601955360000 ms,"\@BookofTimothy haha hardly work""",1,1
1601984280000 ms,@bradiewebbstack awesome,1,1
1601977680000 ms,@boynapped  nice to spend yesterday with you guys,1,1
1601982120000 ms,"\@Braders007 yeah hci doesn't seem that bad""",1,1
1601988360000 ms,@BradleyLaw have fun at work!,1,1
1601956200000 ms,@booksmugglers It was an awesome flash giveaway! My fingers are crossed that the random generator finds me.,1,1
1602004200000 ms,@davengeo you can be assured of that,1,1
1601998800000 ms,@bramzo and recomment recommented,1,1
1601994240000 ms,"\@DaveDW @jay_rosenNYU: works with Dave Winer on new Rebooting The News podcast. Smart""",1,1
1601993280000 ms,@davecasali e funcionou? HIHI,1,1
1601946600000 ms,@Bonedwarf missed this tweet  had everything crossed for you too,1,1
1602006480000 ms,@DaveJMatthews Fneway Shows were insane! Thank You!  can't wait to watch the show tonight,1,1
1601985480000 ms,"\@bradiewebbstack How've you been latley? you havent twittered in ages""",1,1
1601992320000 ms,"\@DAVEandDAVEshow so far i've seen 2 bars""",1,1
1602014160000 ms,@davenavarro6767  no fair!! the 5 mins i leave to get lunch and i miss the ticket giveaway.,0,1
1602000840000 ms,@davemidell_IFD dude i love forensic files!  All @sn3ph3rz and i watch is that or &quot;snapped&quot;...such nerds we are,1,1
1601949840000 ms,@bonnieblob am 25.... 26 in just over a wk!!!    but i will forever be 23 i is thinking!!!,0,1
1602013440000 ms,@Daveydz3 on a sat  gay,1,1
1601963520000 ms,@BOREDmommy totally.  And the sad part is that it didn't have to be that way,0,0
1601945160000 ms,@BoMoh No way. The Anna's on Beacon wins hands down.,0,0
1602013320000 ms,"\@DaveyCA Nighters! @plainlyphyra Nope""",1,1
1601937840000 ms,@Dat305boi uggh wher were u wen i was tryna iChat she the only one who hit me,0,0
1601985840000 ms,@bradiewebbstack i really really really wanta  ps3...i have a super old original playstation  it sucks that they dont make more games 4 it,0,0
1601947320000 ms,@BonesCrazy24 It's quite funny how in the last 2 days I have turned into a RottaBoat shipper  but B&amp;B will always be the best!,1,1
1602009840000 ms,@davelakhani Did you get to meet Ace Frehley?  Love his guitar playing.  Not sure how coherent a speaker he might/might not be.,1,1
1601968680000 ms,@BostonTweet sounds like fun. Already have plans tho.,1,1
1602016920000 ms,@david_dodd Thanx for saying me as your #followfriday! Kind Person! You'll be mine next week! LOL!,1,1
1601960040000 ms,@Booooothman I've been a subscriber to newsdemon/newzbin for way too long. If you want awesome .nzb search access lemmeknow,1,1
1601936640000 ms,@DaSilvaHalo can I video conference in for the true blood party?,1,1
1601965320000 ms,@bortflancrest doesn't show up for me.,1,1
1601975520000 ms,"\@Boy_Kill_Boy oh sorry! not getting all my replies  nothing against you. and yes""",0,0
1601994360000 ms,@daveellis0808 facebook agrees with you  http://yfrog.com/58fbbrumj,1,1
1601937720000 ms,@dat_new_new23 omg me too. And I start school in a bit,0,1
1601973360000 ms,@bowwow614 im mad how im tryna watch you on ustream and my screen aint comin up...,1,0
1601986200000 ms,@bradiewebbstack noooo  bradie you need to now write one status about me (@livnb) and amanda(@One_StepCloser) pllleeeasse,0,0
1601973480000 ms,@bowwow614 LOL I would be lined up too..LOL ..that's alot of talent in one room though..I love y'all..can't wait to see all y'all on tour,1,1
1601976360000 ms,"\@boydjane Thanks for the tweet""",1,1
1601964480000 ms,@borkware wah I have been yoyoing in a 5 pound range since last april  - i really need to get unlazied,0,0
1601970480000 ms,@Bounce12 yup.,1,1
1601988240000 ms,@bradleyjp you did. And I'm starving,1,1
1602011280000 ms,@DaveMinella Noooooo!!! Not the SIDECAR teams,1,0
1602021240000 ms,@DAVID_LYNCH wow! That was an interesting insight in2...some element of the human condition! I'll def follow the interview project!,1,1
1602017160000 ms,@David_Hallett identity crisis?,1,0
1601963280000 ms,"\@boredercollie Come to SSM and &quot;play&quot; with the geese at our only decent city park.  God""",1,1
1601973840000 ms,@bowwow614 that's funny..my mother says that all the time,1,1
1601991720000 ms,@brahhh quit smoking cigs... i dont want to look old  plus... i cant breath haha,0,0
1602014400000 ms,@davenavarro6767 I'd take 'em if there were only a way for me to get home from there!  No buses past 9pm,0,0
1601977080000 ms,@Boyislost Nooo that's fine  I'll download yahoo,1,1
1602001200000 ms,@davedays sound like a pile of fun!,1,1
1601992440000 ms,"\@DaveB41 i'm truly in awe. it's SO much more than i expected""",1,1
1602005160000 ms,@DaveRacingKites i love that song!,1,1
1602000480000 ms,@DaveMann thanks for the follow,1,1
1601995920000 ms,@davehillman gonna share more of our tweets? LOL I'm good thanks,1,1
1602019800000 ms,@davethegreat but there's no thunder. @arashikami is slacking,0,0
1601971560000 ms,@Bowen12 sad to hear the news BB  your defense prowiss will be missed,0,0
1601937960000 ms,@DataDanD thanks! That will help me out on the ride back home.  #anythingbutspymaster,1,1
1601939760000 ms,@DatingChronicle Of course I'm still hangn w/u! various belief systems = more interesting. I only unfollow bcuz sum1's boring or vulgar!,0,0
1602017520000 ms,@David_Henrie can you say a prayer for my friend Chealse because she just lost her dad.  so i wont see her at my younglife group so ye ...,0,0
1601984160000 ms,@bradiewebbstack are you a home handy man?? Coz I'm trying to put together a desk...and it's really not working  HELP?!?!? Xx,0,0
1601997480000 ms,@BrainTwitch I thought those things were to sleep as automated indexes were to libraries! Guess we've both hit a brick wall.,1,0
1602015000000 ms,"\@DavEOFFKB haha""",1,1
1601962680000 ms,@Bopsicle The DDG's know better but we still love you,1,1
1601981640000 ms,@BradCawleyHamm If I'm conscious tomorrow?? Somethin tasty for sure...,1,1
1601993880000 ms,@daveCub No Count Chocula was to be had.  Had to order it on-line.,0,0
1601941920000 ms,@BoltClock accepted.. hehes.. thnks for the add tho..,1,1
1601968080000 ms,@bostonmamas Here you go!  Whoopie Pies: http://bit.ly/2LHag,1,1
1602010920000 ms,@davemcclure So for our deal I have to be awake at 4:19am? Cool,1,1
1601945520000 ms,"\@bonarez NP! There are other volunteers on Twitter too""",1,1
1601943120000 ms,@DAUGHTRY4EVA id love to but I have to work  then have dr apptmnt  def another time!!,0,1
1601967360000 ms,@BostjanCizelj welcome back!,1,1
1601968440000 ms,@BostonSky Where? Love Indian and they are very vegetarian friendly,1,1
1601987400000 ms,"\@Bradinator Nah just drunk as quickly as possible! and then 5 min run back home""",1,1
1601966520000 ms,@bossmaddam Get 100 followers a day using www.tweeterfollow.com Once you add everyone you are on the train or pay vip,1,1
1601943720000 ms,@Dave_Annable lol I'm starting to think that Twitter could become an addiction for you will it?,1,1
1601991240000 ms,@Bradyism yeah happy with that purchase,1,1
1601943600000 ms,@dave_annable B&amp;S is in my NetFlix queue &amp; I should receive the first DVD Mon. Can't wait to watch it &amp; give a full review - Ebert style!,1,1
1602003480000 ms,"\@DaveMurr Its going well. Sorry""",0,1
1601974560000 ms,@boxee when is the windows version coming??,1,1
1601958600000 ms,@boomkack I want to join in on the LADY GAGA grinding party too  haha,0,1
1602020880000 ms,"\@David_Kaufer LOL  actually""",1,1
1601977320000 ms,@Boyislost same to you,1,1
1602010440000 ms,@DaveMalby Id like to be on it Dave!,1,1
1601995080000 ms,@daveg38 yeah thats fine,1,1
1602011640000 ms,@davemorbley cnt find a babysitter,0,0
1601996880000 ms,"\@brainpicker Hi""",1,1
1601953920000 ms,"\@BookChicClub No  Wish I was! It's long drive &amp; husband is working tonight""",0,0
1601976600000 ms,@boygrundy Good lol. I don't really care if it sounded conceited or not. Shes been working a lot and I haven't gotten a chance to see her,0,1
1601991360000 ms,@bradyjfrey yeh Charlie Brooker is awesome. His 'news wipe' show went suprisingly under the radar in the UK tho,1,1
1601997720000 ms,@brainygamer and now you're tweeting on top of that! we are the worm ouroboros.,1,1
1601990400000 ms,"\@BradtheGleek lol! That would be me""",1,1
1601985960000 ms,@bradiewebbstack jealous.   I'm sick.    It's so cold here.,0,0
1601956920000 ms,@bookwhore : i'm not getting tweets. scroll down on my feed? i don't know how to reference single messages w/ a reply. :X i=fail,0,0
1601972760000 ms,@bowwow614 Can u send me the new song some how i cant get zshare to work,0,1
1602019680000 ms,@davetheaandr sorry ....I lost it...its raining now,0,0
1601965920000 ms,@boss_uu I think i'm falling in love with you!!  xxx #iloveyou,1,1
1601964240000 ms,@Boriss damn I wish I was still in SF,0,1
1601938320000 ms,@datavis no more full feed?,0,0
1601944080000 ms,@dave_carpenter Hey Dave! Thank you so much for the #FollowFriday! Truly appreciated!,1,1
1601981040000 ms,@Brad_King oh no!  I'm mostly posting them on FriendFeed...where they do show up...but they also get sent here to Twitter as well!,1,1
1601960760000 ms,@Bootcoot Dannii Minogue...mmm! That would be a result  x,1,1
1601975280000 ms,@Boy_Kill_Boy haha well everyone likes hugs,1,1
1601940000000 ms,@BohemianScandal Michelle needed to finish homework and I wanted sleep! We called your name but you never came,0,0
1601973720000 ms,@bowwow614 ooohh...sounds good! wish i could b doin dat rite now  FOLLOW YA GIRL!!,1,1
1602021600000 ms,"\@David_N_Wilson finally read Ennui and halfway through Death and his bro Sleep""",1,1
1601992800000 ms,"\@davebaxter Yeah""",1,1
1601946720000 ms,@Bonedwarf there's hope for me yet then,0,1
1601941200000 ms,"\@bokayjunkie I'm glad Ash won""",1,1
1602002160000 ms,@DaveGirard moi c'est CARBO ALL THE WAY bon...,1,1
1601999880000 ms,@davekeen69 there were only two houses... It was sad,0,0
1601956080000 ms,@BooksByTara that is wonderful. Spread that to &quot;your world&quot;,1,1
1601936880000 ms,"\@dasme im watchin dslife""",1,1
1601945040000 ms,@bomdominique NO! NOT BECAUSE OF HER! haha. i was just bein random. but no.aah. i was suppose to be out now!,0,0
1601990880000 ms,@bradwingquay hey i just saw one of your vids!are you a british??,1,1
1601988120000 ms,@bradleyjean mines either,1,1
1601971920000 ms,@Bowler4Ever good good,1,1
1602012720000 ms,@davey_has NOODLE SOUP,1,1
1601975640000 ms,@Boy_Kill_Boy Thanks,1,1
1602008520000 ms,@DaveSimps now you can dm,1,1
1602009720000 ms,@davekennedy ok. heh I did enter the hgtv dream home giveaway in sonoma county - didnt score,1,0
1601947800000 ms,@BONESgirl28 Thank you!,1,1
1601940960000 ms,"\@BojanaMCR Okeydokey!  If the dvd doesn't work when you give it back""",1,1
1601976720000 ms,"\@boyink Fun FACT: the word JEEP was originally G.P. (geep for short)""",1,1
1601996520000 ms,@DaveJBeckett  Lucky you're on AT&amp;T for once! ;D  I have to wait until they hack the 3.0 firmware    Could be awhile,1,1
1601961240000 ms,@bootooyoo I hope so too cuz I'm really looking forward to the discussion after the fact. I've never gotten jury duty,0,1
1602006120000 ms,"\@DaveJMatthews ARE WE THERE YET??? Well you are""",1,0
1601982960000 ms,@bradhfh so proud of you boys,1,1
1602004080000 ms,@davenavarro6767 wish i could have been there!,0,0
1601939280000 ms,@DatFiyaBoricua I knowwwwwwww,1,1
1601948760000 ms,"\@bonjersay I'm going to tomorrow! Unfortunately""",0,0
1601937000000 ms,@DaSqUeAkYOne those were the good days the jetsons comes on right after finltstones ! i missed it today tho,0,0
1602006720000 ms,@DaveJMatthews i feel like one of the only dmb fans on twitter to have never gotten dave love... wanna fix this?,0,0
1601965560000 ms,"\@boshemia  It sounds really good.  my hubby doesn't like pineapple (he's crazy!)""",0,1
1601992920000 ms,@davebonner not as good as previous years  seemed to be goin through motions and wasnt as excitin and audienc sat down lookin bored lots,1,0
1602015720000 ms,@davereardon cool.  mayhem is the only fighter I like,0,1
1602005880000 ms,"\@daveizzle Hey""",1,1
1601981160000 ms,@brad_x lol I see you're having fun too,1,1
1601969280000 ms,@bottc ah very cool! I very much want to go but never seem to have the money during ticket buying season. Should be awesome,0,1
1601945640000 ms,@bonbbyjess im on top of that! we should talk details,1,1
1601982000000 ms,@Braders007 aw you gotta help me... I don't know what to do...,1,0
1601999400000 ms,@DaveJMatthews � Bonsoir Montr�al �!  Oh how I've longed to hear these words again!,1,1
1601939040000 ms,@DatDudeSuccess lol not that i would know the answer or anything,0,1
1602001680000 ms,@Daveeesh awww get some rest  &lt;3,1,1
1601941320000 ms,@Bokul aye. same here  but what options?,1,1
1601936760000 ms,"\@dasme I also really enjoyed the #Dollhouse finale""",0,1
1601989560000 ms,@bradrhine I just might be able to make that.,1,1
1602014640000 ms,@davenavarro6767 wish i was there,0,0
1601989800000 ms,@BradSabbath it's too cold,1,1
1601980320000 ms,"\@br0nnie Also""",1,1
1601968320000 ms,@BostonMary These are fabulous girl!! Thanks for doing this!,1,1
1601998200000 ms,@bram85 hope you like it! even if it's not fiction,1,1
1601946480000 ms,@bondsbustyblond it was fab  dickie was smiling away too...,0,1
1601973120000 ms,@bowwow614 i like your speech and attitude lol,1,1
1602020760000 ms,@David_Henrie you're seeing the premiere!? lucky.  i can't wait to see it in theatres. and great job with wizardsofwaverlyplace,1,1
1601953680000 ms,@bookavore Have lots of fun - I'm sad I couldn't be there. I still have to come get my donut some day.,0,0
1601996280000 ms,@daveixd  There's a whole lot wrong with that.,1,0
1601994840000 ms,@DaveFowler wish I had a long list of obligations,0,0
1601968200000 ms,"\@bostonmarketer  I can help with both""",1,1
1601979360000 ms,"\@bplusb I was jealous  I want to see SantIgold! I'll be back in North Texas in August though""",0,0
1601957160000 ms,"\@bookwhore With all the pr0n bots""",1,1
1601980560000 ms,@BR33ZY23  yeah. I'm auditioning next week!!! eeeek....=D,1,1
1601939400000 ms,"\@datgirlcomedy it was packed""",1,1
1601979960000 ms,"\@br_ii_t  why limit your story to 140 ch. Tell all what is annoying you at www.iamsoannoyed.com""",0,1
1601999520000 ms,@DaveJMatthews Looking forward to it!,1,1
1602012240000 ms,@daveweigel you call that loneliness? my gf just left me for africa for 3 months. i've never lived alone,0,0
1601944680000 ms,@BOMBkid Thanks a bunch!,1,1
1602009000000 ms,@DaveSpoon built like an amplifier remix is dead good mate,0,1
1602008400000 ms,@davesi Aaw that sucks. Crappy shows like the MTV Movie Awards get streamed and torrented.,1,0
1601947440000 ms,@BonesFan021 Maybe he is. Paparazzi were actually photographing DB and Jayden on the beach! SLIME! No privacy. &amp; Jamie's pregnant.,1,0
1601975760000 ms,"\@Boy_Kill_Boy Will say bye now.. bed time soon. See you later""",1,0
1601948040000 ms,@bonez0009 Hey man,1,1
1601943840000 ms,@Dave_Annable Untechnical?? Is that even a word Dave?? Sorry had to bust your ass,1,0
1601951880000 ms,@Boo2AGoose no new piercings,1,1
1601983200000 ms,@bradhouse All I know is that they pick up close to where we are staying (maybe a couple minutes walk) - I had to phone. Website BAH,1,1
1601966280000 ms,@bossgirrl sad day,0,0
1602006840000 ms,"\@davejmatthews I missed the show""",0,0
1601959200000 ms,@Boomstone Thanks and Cheers back at you.,1,1
1601938680000 ms,@DatBoyB nope...got nobody to take me on one,1,0
1601991480000 ms,"\@bradyjohnson Since the Bulls are out""",1,1
1601949720000 ms,"\@bonnie67 oh""",1,1
1601966880000 ms,@BossyJ825 Look who got a twitter lol,1,1
1602014520000 ms,@davenavarro6767 nice meeting you in WA. Good luck with the rest of your shows. Wish you were playing near here again.,1,1
1601940600000 ms,@boilerfan_98 thank you!!  Hope your Monday goes quickly!,1,1
1602012360000 ms,@davewiner - I hate posting on blogs where they ask for my e-mail.,0,0
1601962800000 ms,@Borat  your sexytime with eminem was inspiring,1,1
1602017400000 ms,@David_Henrie *thats people mag haha i couldnt fit it all in.. i dont think those pictures ever made it in the magazine tho!  haha,1,1
1601994960000 ms,"\@daveg38 good""",1,1
1601962920000 ms,@boratlibre yep for that purple thing,1,1
1601996400000 ms,"\@daveizzle Like I told @badash77""",1,1
1601980440000 ms,@BR13L333 I wish I was watching stardust!!!! I feel like I can't live in my house rightnow...,0,0
1601945760000 ms,@bonbonita yesssss! I'm nervous  di naman televised diba? I will just keep on refreshing my twitter.,1,1
1601999640000 ms,@davejmatthews sleep is calling me....have a good night,1,1
1601954160000 ms,@bookgeek227 Yeah...I don't like public pools at all. I actually found a swimsuit that I like..finally. Haha,1,1
1601958840000 ms,@Boomshard NOTHING MUCH. NOT FEELING TO GOOD TODAY,0,0
1601999040000 ms,@davejmatthews back in Nashville  but had a blast with you and the guys last night!,1,1
1602006240000 ms,"\@DaveJMatthews Best. Night. Ever. Drinkin/smokin @ the Goodwin Hotel Bar w/you""",1,1
1601962200000 ms,@BOPandTigerBeat i love those boys. i missed the chat yesterday  it was the firts &amp; only one i'll miss though! &lt;333 Nick Jonas &lt;3333,0,1
1601967480000 ms,@bostonbibliophl Good luck today,1,1
1601964960000 ms,@borntosingx3 your ice-cream,1,1
1601995680000 ms,@DaveHaygarth Indeed a vision of loveliness - I'd love to take it off you but it would show up my remaining Planet X Uncle John (badly),1,0
1602010560000 ms,"\@DaveMalby Ok   Having a better day""",1,1
1601987640000 ms,@bradkriebel mmmmm Mr. Roboto,1,1
1602010800000 ms,"\@DaveMatthewsB New album is fantastic! See you in London""",1,1
1601988720000 ms,"\@bradmacd XD""",1,1
